,city,Cloudiness,Country,Date,Humidity,Lat,Lng,Max Temp,Wind Speed
0,Busselton,28,AU,1582092503,14,-33.65,115.33,93.99,14.72
1,Ushuaia,75,AR,1582092432,81,-54.8,-68.3,46.4,28.86
2,Avarua,100,CK,1582092497,83,-21.21,-159.78,80.6,8.05
3,Vaini,40,TO,1582092513,78,-21.2,-175.2,78.8,8.05
4,Coos Bay,1,US,1582092549,93,43.37,-124.22,44.01,6.44
5,Aktobe,86,KZ,1582092550,73,50.28,57.21,24.8,20.13
6,Ulaanbaatar,75,MN,1582092495,52,47.91,106.88,19.4,4.81
7,Kapaa,75,US,1582091960,78,22.08,-159.32,75.2,23.04
8,George Town,20,MY,1582092432,66,5.41,100.34,89.6,3.36
9,Qaanaaq,61,GL,1582092557,66,77.48,-69.36,-13.72,6.62
10,Nikolskoye,90,RU,1582092559,80,59.7,30.79,39.2,8.95
11,Salalah,20,OM,1582092560,64,17.02,54.09,75.2,3.36
12,Hobart,40,AU,1582092562,47,-42.88,147.33,63.0,20.8
13,Mount Isa,41,AU,1582092506,24,-20.73,139.5,102.2,14.99
14,Russell,90,US,1582092470,93,32.35,-85.2,64.4,5.73
15,East London,84,ZA,1582092109,94,-33.02,27.91,68.0,5.82
16,Klaksvik,95,FO,1582092534,93,62.23,-6.59,37.4,3.36
17,Longyearbyen,40,SJ,1582092525,60,78.22,15.64,5.0,18.34
18,Punta Arenas,75,CL,1582092498,70,-53.15,-70.92,46.4,23.04
19,Xichang,31,CN,1582092571,50,27.9,102.26,47.34,7.92
20,Miyoshi,75,JP,1582092573,36,35.08,137.07,55.0,17.22
21,Provideniya,40,RU,1582092368,77,64.38,-173.3,6.8,17.9
22,Mataura,70,NZ,1582092572,72,-46.19,168.86,60.01,10.0
23,Fortuna,1,US,1582092474,93,40.6,-124.16,39.99,1.86
24,Rikitea,1,PF,1582092508,78,-23.12,-134.97,78.85,14.81
25,Poya,0,NC,1582092580,83,-21.35,165.15,78.84,15.23
26,Sembe,91,CG,1582092581,88,1.65,14.58,70.92,2.04
27,Santa Isabel do Rio Negro,34,BR,1582092582,87,-0.41,-65.02,76.1,0.67
28,Cap Malheureux,20,MU,1582092508,65,-19.98,57.61,82.99,9.17
29,Port Alfred,11,ZA,1582092504,93,-33.59,26.89,68.0,1.99
30,Castro,100,BR,1582092586,98,-24.79,-50.01,65.62,0.63
31,Atuona,54,PF,1582092550,81,-9.8,-139.03,81.72,20.8
32,Cidreira,99,BR,1582092589,84,-30.18,-50.21,76.01,12.12
33,Ahipara,31,NZ,1582092591,100,-35.17,173.17,73.99,9.8
34,Flin Flon,0,CA,1582092592,94,54.77,-101.86,-14.37,5.7
35,Saint-Philippe,5,RE,1582092528,69,-21.36,55.77,84.2,24.16
36,Hong Kong,10,HK,1582092449,49,22.29,114.16,72.0,9.17
37,Carnarvon,100,AU,1582092525,70,-24.87,113.63,84.2,16.11
38,Port Hardy,5,CA,1582092597,86,50.7,-127.42,33.8,5.82
39,Junagarh,0,IN,1582092599,19,19.87,82.93,85.01,3.29
40,Derzhavinsk,100,KZ,1582092600,92,51.1,66.32,24.06,27.38
41,Faanui,100,PF,1582092561,77,-16.48,-151.75,82.74,14.43
42,Grindavik,75,IS,1582092604,79,63.84,-22.43,28.4,5.82
43,New Norfolk,40,AU,1582092562,47,-42.78,147.06,63.0,20.8
44,Tuktoyaktuk,75,CA,1582092569,77,69.45,-133.04,-2.2,12.75
45,Alugan,37,PH,1582092608,85,12.22,125.48,77.94,18.03
46,Esperance,100,AU,1582092551,34,-33.87,121.9,80.6,8.05
47,Juli,75,PE,1582092611,86,-16.22,-69.45,47.16,8.05
48,Airai,69,TL,1582092402,81,-8.93,125.41,76.82,2.98
49,Mumbwa,6,ZM,1582092615,91,-14.98,27.06,68.09,8.37
50,Srednekolymsk,84,RU,1582092617,100,67.45,153.68,-16.11,4.09
51,Kiama,40,AU,1582092619,36,-34.68,150.87,79.0,10.29
52,Chokurdakh,98,RU,1582092577,97,70.63,147.92,-5.76,8.66
53,Touros,40,BR,1582092532,94,-5.2,-35.46,77.0,3.36
54,Kampong Thom,0,KH,1582092549,25,12.71,104.89,95.59,12.41
55,Cape Town,0,ZA,1582092503,82,-33.93,18.42,73.0,8.05
56,Maceio,40,BR,1582092524,94,-9.67,-35.74,75.2,3.36
57,Upernavik,96,GL,1582092516,96,72.79,-56.15,-11.34,6.73
58,Kisarazu,75,JP,1582092629,33,35.37,139.92,57.0,9.17
59,Rosarito,90,MX,1582092632,93,32.33,-117.03,60.8,2.77
60,Banda Aceh,6,ID,1582092381,53,5.56,95.32,88.83,8.16
61,Usinsk,100,RU,1582092634,98,65.99,57.53,32.99,13.44
62,Medina,40,SA,1582092636,56,24.47,39.61,68.0,7.18
63,Narsaq,70,GL,1582092345,55,60.92,-46.05,10.4,4.7
64,Malpe,20,IN,1582092638,62,13.35,74.72,86.0,4.7
65,Nanortalik,67,GL,1582092492,59,60.14,-45.24,21.16,42.81
66,Leningradskiy,60,RU,1582092532,93,69.38,178.42,-19.08,13.8
67,Sechura,0,PE,1582092643,85,-5.56,-80.82,74.05,9.48
68,Hermanus,1,ZA,1582092502,86,-34.42,19.23,71.01,8.01
69,Chui,14,UY,1582092593,92,-33.7,-53.46,64.62,6.17
70,Denizli,0,TR,1582092647,69,37.84,29.07,32.0,1.19
71,Vuktyl,100,RU,1582092648,98,63.86,57.31,32.88,13.78
72,Hithadhoo,9,MV,1582092645,78,-0.6,73.08,83.34,13.09
73,Alyangula,74,AU,1582092351,62,-13.85,136.42,89.6,3.36
74,Barrow,90,US,1582092511,77,71.29,-156.79,-2.2,16.11
75,Morro Bay,1,US,1582092654,93,35.37,-120.85,52.0,4.7
76,Vao,6,NC,1582092656,75,-22.67,167.48,79.41,12.59
77,Kimberley,90,ZA,1582092657,94,-28.73,24.76,68.0,3.36
78,Havelock,90,US,1582092310,93,34.88,-76.9,60.01,4.7
79,Mallaig,0,CA,1582092660,98,54.22,-111.37,-12.68,9.66
80,Honiara,75,SB,1582092384,63,-9.43,159.95,91.4,13.87
81,Tessalit,17,ML,1582092392,19,20.2,1.01,63.55,14.07
82,Bredy,100,RU,1582092665,84,52.42,60.34,29.05,20.58
83,Sepolno Krajenskie,96,PL,1582092667,80,53.45,17.53,37.99,11.41
84,Alekseyevsk,95,RU,1582092668,84,57.84,108.35,12.69,2.35
85,Tiksi,100,RU,1582092504,87,71.69,128.87,-4.13,7.74
86,Bluff,9,NZ,1582092496,72,-46.6,168.33,60.01,10.0
87,Saldanha,0,ZA,1582092298,72,-33.01,17.94,64.4,1.12
88,Sinop,40,TR,1582092674,65,41.77,34.87,32.0,4.7
89,Prince Rupert,1,CA,1582092677,73,54.32,-130.32,35.6,5.82
90,Moose Factory,90,CA,1582092678,70,51.26,-80.61,-4.0,16.11
91,Yinchuan,0,CN,1582092680,19,38.47,106.27,43.03,2.66
92,Mimongo,40,GA,1582092681,95,-1.62,11.61,68.92,0.58
93,Puerto Ayora,2,EC,1582092633,88,-0.74,-90.35,77.09,7.38
94,Souillac,20,MU,1582092583,65,-20.52,57.52,82.99,9.17
95,Arraial do Cabo,48,BR,1582092551,86,-22.97,-42.03,77.45,27.11
96,Gimli,1,CA,1582092687,80,50.63,-96.99,-13.0,3.0
97,Auki,22,SB,1582092688,78,-8.77,160.7,83.88,19.75
98,Ponta Delgada,75,PT,1582092690,100,37.73,-25.67,57.2,10.29
99,Albany,90,US,1582092506,86,42.6,-73.97,39.2,11.41
100,Saint George,1,US,1582092388,58,37.1,-113.58,45.0,4.7
101,Unity,0,CA,1582092694,79,52.45,-109.17,-16.01,3.0
102,Namatanai,100,PG,1582092695,82,-3.67,152.43,79.88,7.02
103,San Patricio,0,MX,1582092365,76,19.22,-104.7,74.93,2.71
104,Torbay,75,CA,1582092698,72,47.67,-52.73,16.0,6.93
105,Moquegua,100,PE,1582092700,75,-17.2,-70.94,63.61,6.51
106,Hamilton,1,US,1582092553,81,39.18,-84.53,33.01,3.36
107,Khatanga,3,RU,1582092667,90,71.97,102.5,-6.93,4.79
108,Sinegorye,100,RU,1582092704,99,62.08,150.48,-10.62,3.31
109,Bredasdorp,90,ZA,1582092669,77,-34.53,20.04,70.0,11.41
110,Fairbanks,90,US,1582092332,85,64.84,-147.72,21.99,2.82
111,Yellowknife,75,CA,1582092485,76,62.46,-114.35,-7.01,14.99
112,Lebu,0,CL,1582092606,87,-37.62,-73.65,54.63,6.49
113,Umm Lajj,0,SA,1582092522,53,25.02,37.27,64.71,1.14
114,Alofi,23,NU,1582092545,74,-19.06,-169.92,80.6,8.05
115,Lujan,0,AR,1582092715,77,-34.57,-59.1,69.8,4.7
116,Tasiilaq,100,GL,1582092507,85,65.61,-37.64,21.2,28.86
117,Ostrovnoy,100,RU,1582092380,97,68.05,39.51,15.01,3.85
118,Nome,90,US,1582092498,85,64.5,-165.41,24.8,9.17
119,Salihorsk,16,BY,1582092720,90,52.79,27.54,33.33,10.18
120,Alexandria,40,EG,1582092523,71,31.22,29.96,57.2,9.17
121,Lagoa,56,PT,1582092666,80,39.05,-27.98,61.21,16.51
122,Korla,83,CN,1582092420,30,41.76,86.15,23.94,3.58
123,Bethel,90,US,1582092652,100,41.37,-73.41,43.0,3.36
124,Jaque,5,PA,1582092728,90,7.52,-78.17,72.63,5.35
125,Tocopilla,35,CL,1582092441,62,-22.09,-70.2,62.42,1.5
126,Manokwari,99,ID,1582092731,92,-0.87,134.08,73.65,11.21
127,Tecpan,58,GT,1582092733,72,14.76,-90.99,64.4,13.87
128,Vila Velha,75,BR,1582092488,94,-20.33,-40.29,77.0,3.36
129,Luderitz,70,NA,1582092617,96,-26.65,15.16,63.34,10.78
130,Carauari,99,BR,1582092738,98,-4.88,-66.9,73.85,0.87
131,Edson,1,CA,1582092739,84,53.58,-116.44,1.4,2.24
132,Tonj,50,SS,1582092741,18,7.27,28.68,82.11,4.21
133,Ribeira Grande,55,PT,1582092639,88,38.52,-28.7,57.16,11.14
134,Maragogi,41,BR,1582092664,74,-9.01,-35.22,80.96,12.33
135,Almondbank,12,GB,1582092745,81,56.42,-3.52,39.2,12.75
136,Constitucion,0,CL,1582092426,69,-35.33,-72.42,59.0,5.19
137,Fasa,40,IR,1582092748,26,28.94,53.65,51.8,2.01
138,Popondetta,84,PG,1582092749,72,-8.75,148.25,83.8,4.83
139,Quatre Cocos,20,MU,1582092648,65,-20.21,57.76,82.99,9.17
140,Praia da Vitoria,75,PT,1582092348,93,38.73,-27.07,55.4,15.12
141,Leoben,75,AT,1582092753,80,47.35,15.13,39.2,2.24
142,Ciudad Lazaro Cardenas,0,MX,1582092563,76,17.96,-102.2,70.59,3.06
143,Severo-Kuril'sk,100,RU,1582092594,87,50.68,156.12,17.46,7.14
144,Belem,100,BR,1582092462,100,-1.46,-48.5,75.2,2.24
145,Jamestown,90,US,1582092366,80,42.1,-79.24,33.01,4.7
146,Pevek,89,RU,1582092466,100,69.7,170.31,-25.58,1.32
147,Gambela,48,ET,1582092763,31,8.25,34.58,89.37,4.88
148,Menfi,24,IT,1582092764,87,37.61,12.97,52.0,3.36
149,Lavrentiya,100,RU,1582092692,81,65.58,-171.0,-4.7,6.85
150,Kenai,90,US,1582092501,100,60.55,-151.26,32.0,5.82
151,Sao Filipe,96,CV,1582092383,44,14.9,-24.5,77.65,17.18
152,Redmond,1,US,1582092770,69,47.67,-122.12,39.99,10.29
153,Warrington,40,GB,1582092772,80,53.39,-2.58,42.01,13.87
154,Kumul,100,CN,1582092520,52,42.8,93.45,27.61,1.12
155,Ust-Nera,98,RU,1582092369,100,64.57,143.2,-18.67,1.77
156,Harda,65,IN,1582092776,9,22.33,77.1,87.19,4.94
157,Jalu,0,LY,1582092778,74,29.03,21.55,51.31,6.42
158,Roanoke Rapids,90,US,1582092779,100,36.46,-77.65,55.99,6.69
159,Araouane,0,ML,1582092626,17,18.9,-3.53,67.59,10.09
160,Iqaluit,5,CA,1582092353,59,63.75,-68.51,-31.0,4.7
161,Teahupoo,40,PF,1582092783,70,-17.83,-149.27,84.2,8.05
162,Darab,63,IR,1582092784,18,28.75,54.54,67.44,0.43
163,Mar del Plata,0,AR,1582092582,100,-38.0,-57.56,57.99,4.7
164,Kormilovka,75,RU,1582092787,80,55.0,74.1,30.2,11.18
165,Svobodnyy,80,RU,1582092788,75,51.4,128.13,12.65,15.9
166,Bambous Virieux,20,MU,1582092579,65,-20.34,57.76,82.99,9.17
167,Umm Bab,20,QA,1582092792,73,25.21,50.81,79.0,5.82
168,Aklavik,20,CA,1582092793,67,68.22,-135.01,17.6,5.82
169,Vardo,75,NO,1582092382,78,70.37,31.11,15.8,14.99
170,Levice,0,SK,1582092797,92,48.22,18.61,35.01,2.24
171,Aborlan,75,PH,1582092799,59,9.44,118.55,89.6,23.04
172,Kaitangata,61,NZ,1582092520,69,-46.28,169.85,61.0,13.0
173,Tikapur,67,NP,1582092510,94,28.5,81.13,70.0,5.79
174,Laas,89,IT,1582092336,78,46.62,10.7,35.01,2.24
175,Thomasville,90,US,1582092804,100,35.88,-80.08,57.99,8.05
176,Baykit,96,RU,1582092806,86,61.67,96.37,17.82,8.34
177,Kodiak,1,US,1582092477,64,57.79,-152.41,33.8,11.41
178,Saskylakh,0,RU,1582092558,83,71.92,114.08,-8.05,8.16
179,Dataganj,56,IN,1582092810,38,28.03,79.4,71.65,6.2
180,Sulam,75,IL,1582092811,71,32.61,35.33,57.2,6.93
181,Isugod,100,PH,1582092813,77,9.34,118.12,81.28,21.47
182,Dikson,98,RU,1582092591,89,73.51,80.55,15.58,36.33
183,Clyde River,20,CA,1582092534,74,70.47,-68.59,-23.8,6.93
184,Svetlogorsk,36,BY,1582092784,90,52.63,29.73,33.98,9.69
185,Geraldton,100,AU,1582092596,33,-28.77,114.6,91.4,18.34
186,Okhotsk,9,RU,1582092522,81,59.38,143.3,1.36,6.4
187,Praia,81,CV,1582092761,36,14.92,-23.51,77.0,19.46
188,Yarmouth,90,US,1582092822,93,41.71,-70.23,48.2,8.05
189,Saint Stephen,100,GB,1582092824,81,50.33,-4.9,46.99,12.75
190,Saint-Pierre,0,RE,1582092647,69,-21.34,55.48,84.2,24.16
191,Portland,1,US,1582092440,45,45.52,-122.68,46.4,14.99
192,Cabo San Lucas,0,MX,1582092560,45,22.89,-109.91,68.0,6.6
193,Port Hawkesbury,90,CA,1582092622,92,45.62,-61.35,30.0,19.46
194,Asau,90,RO,1582092510,81,46.43,26.4,43.0,2.24
195,Krasnoarmeyskoye,100,RU,1582092832,96,52.72,50.03,33.64,16.96
196,Laredo,90,US,1582092833,88,27.51,-99.51,66.2,11.41
197,Bima,50,ID,1582092835,85,-8.47,118.72,81.46,2.51
198,Olafsvik,51,IS,1582092422,66,64.89,-23.71,32.16,11.59
199,Bilibino,9,RU,1582092582,100,68.05,166.44,-32.17,0.96
200,Itarema,100,BR,1582092577,93,-2.92,-39.92,75.07,2.44
201,Haernoesand,85,SE,1582092840,100,62.63,17.94,34.0,3.36
202,Mata,0,PT,1582092842,89,40.68,-7.46,37.0,3.0
203,Taltal,41,CL,1582092118,89,-25.4,-70.48,60.03,2.93
204,Visnes,81,NO,1582092844,93,59.36,5.22,37.99,12.75
205,Anloga,20,GH,1582092846,88,5.79,0.9,82.4,2.24
206,Coquimbo,0,CL,1582092363,87,-29.95,-71.34,59.0,4.7
207,Camabatela,100,AO,1582092848,97,-8.19,15.38,65.35,3.0
208,Shache,83,CN,1582092540,25,38.42,77.24,43.74,7.18
209,Cochrane,5,CA,1582092851,84,51.18,-114.47,10.0,4.7
210,Wangaratta,75,AU,1582092853,35,-36.37,146.33,73.4,20.8
211,Folldal,100,NO,1582092854,81,62.13,10.0,15.31,5.3
212,Krasnosel'kup,100,RU,1582092491,92,65.7,82.47,15.66,21.32
213,Padang,32,ID,1582092687,66,-0.95,100.35,82.17,1.21
214,Lashio,0,MM,1582092859,16,22.93,97.75,79.29,6.11
215,Aketi,100,CD,1582092860,94,2.74,23.78,69.08,2.73
216,Shimoda,75,JP,1582092601,61,34.67,138.95,51.8,8.05
217,Ancud,4,CL,1582092734,87,-41.87,-73.82,46.4,5.82
218,Oskarshamn,75,SE,1582092864,86,57.26,16.45,41.0,10.29
219,Hilo,90,US,1582092562,60,19.73,-155.09,75.2,5.82
220,Dingle,78,PH,1582092673,78,11.0,122.67,78.19,18.75
221,Thompson,5,CA,1582092598,69,55.74,-97.86,-11.2,10.29
222,Yatou,91,CN,1582092870,50,37.15,122.38,44.01,13.82
223,Atar,75,MR,1582092692,14,20.52,-13.05,71.06,11.01
224,Paeroa,46,NZ,1582092874,62,-37.37,175.67,80.01,5.99
225,Shubarkuduk,52,KZ,1582092875,79,49.14,56.49,25.2,16.31
226,Baruun-Urt,17,MN,1582092876,74,46.68,113.28,12.24,2.3
227,Great Yarmouth,0,GB,1582092878,82,52.61,1.73,37.99,14.99
228,Saint Anthony,1,US,1582092580,55,45.02,-93.22,6.8,11.41
229,Cayenne,75,GF,1582092500,69,4.93,-52.33,80.6,11.41
230,Sun Valley,1,US,1582092849,42,39.6,-119.78,35.01,4.7
231,Port Moresby,40,PG,1582092714,66,-9.44,147.18,91.4,20.8
232,Hermon,90,US,1582092885,92,44.81,-68.91,34.0,9.17
233,Tilichiki,89,RU,1582092886,92,60.47,166.1,-12.82,8.99
234,Norman Wells,40,CA,1582092666,70,65.28,-126.83,-2.2,8.05
235,Ystad,75,SE,1582092889,93,55.43,13.82,42.01,23.04
236,Andros Town,40,BS,1582092891,78,24.7,-77.77,77.0,13.87
237,Lamas,9,PE,1582092893,88,-6.42,-76.53,67.33,2.44
238,Kavieng,61,PG,1582092564,75,-2.57,150.8,83.73,10.25
239,Urmia,90,IR,1582092895,86,37.55,45.08,33.8,4.7
240,Banjar,20,ID,1582092899,79,-8.19,114.97,87.8,9.17
241,Los Llanos de Aridane,90,ES,1582092680,72,28.66,-17.92,64.4,12.75
242,Bar Harbor,90,US,1582092902,99,44.39,-68.2,35.01,1.23
243,Henties Bay,100,NA,1582092460,92,-22.12,14.28,63.0,4.32
244,Rio Tercero,0,AR,1582092905,41,-32.17,-64.11,61.09,4.36
245,Yar-Sale,35,RU,1582092486,91,66.83,70.83,23.5,13.11
246,Butaritari,17,KI,1582092500,77,3.07,172.79,84.11,18.52
247,Acapulco de Juarez,5,MX,1582092510,65,16.86,-99.89,78.8,2.24
248,Biscarrosse,40,FR,1582092912,87,44.39,-1.17,48.2,5.82
249,Makungu,49,TZ,1582092907,86,-8.73,35.28,66.99,1.36
250,Nouadhibou,0,MR,1582092504,72,20.93,-17.03,64.4,20.8
251,Kiili,90,EE,1582092918,80,59.31,24.84,41.0,13.87
252,Ulverstone,97,AU,1582092919,55,-41.15,146.17,66.0,3.0
253,Stornoway,21,GB,1582092920,70,58.21,-6.39,41.0,12.75
254,Luanda,75,AO,1582092403,88,-8.84,13.23,78.8,4.7
255,Porto Belo,100,BR,1582092923,83,-27.16,-48.55,82.4,5.82
256,Marawi,67,PH,1582092581,82,8.0,124.29,82.0,8.99
257,Margate,0,GB,1582092926,73,51.38,1.39,37.99,10.29
258,City of San Pedro,20,PH,1582092527,48,14.35,121.02,87.8,12.75
259,Guilin,75,CN,1582092930,39,25.28,110.29,62.6,2.24
260,Kahului,40,US,1582092403,83,20.89,-156.47,71.6,14.99
261,Santa Helena de Goias,100,BR,1582092891,98,-17.81,-50.6,67.66,6.91
262,Ziarat,0,PK,1582092934,49,30.38,67.73,40.82,20.94
263,Bulolo,100,PG,1582092935,47,-7.2,146.65,85.87,1.95
264,Caravelas,10,BR,1582092937,81,-17.71,-39.25,79.7,12.44
265,Marsh Harbour,65,BS,1582092313,81,26.54,-77.06,74.95,16.11
266,Meulaboh,95,ID,1582092939,80,4.14,96.13,80.15,8.93
267,Tromso,20,NO,1582092945,73,69.65,18.96,21.2,11.41
268,Shenzhen,10,CN,1582092793,49,22.55,114.07,72.0,9.17
269,Beyneu,0,KZ,1582092716,41,45.32,55.2,36.27,22.93
270,Naze,75,JP,1582092644,48,28.37,129.48,62.6,1.12
271,Ulladulla,40,AU,1582092950,36,-35.35,150.47,78.01,10.29
272,Hasanabad,0,IR,1582092952,80,36.55,61.05,39.2,6.93
273,Lanja,0,IN,1582092953,20,16.85,73.55,100.0,2.68
274,Neiafu,20,TO,1582092610,69,-18.65,-173.98,82.4,4.7
275,Egvekinot,0,RU,1582092424,93,66.32,-179.17,-16.17,13.42
276,Ariquemes,100,BR,1582092905,95,-9.91,-63.04,75.36,0.56
277,Batagay-Alyta,66,RU,1582092471,82,67.8,130.41,-8.39,4.85
278,Cedar City,1,US,1582092728,63,37.68,-113.06,26.6,3.36
279,Yulara,64,AU,1582092962,14,-25.24,130.99,95.0,13.87
280,Soyo,75,AO,1582092623,90,-6.13,12.37,78.93,4.09
281,Beringovskiy,90,RU,1582092711,82,63.05,179.32,-10.79,15.55
282,Port-Gentil,40,GA,1582092966,100,-0.72,8.78,78.8,5.46
283,Ossora,73,RU,1582092967,86,59.24,163.07,-5.91,9.33
284,Nchelenge,96,ZM,1582092969,91,-9.35,28.73,70.61,3.13
285,Novomyshastovskaya,0,RU,1582092970,86,45.2,38.58,41.0,4.47
286,Sitka,90,US,1582092542,60,57.05,-135.33,42.8,19.46
287,Killybegs,100,IE,1582092974,91,54.63,-8.45,39.99,8.99
288,Kirakira,67,SB,1582092977,82,-10.45,161.92,81.43,6.93
289,Hambantota,20,LK,1582092766,62,6.12,81.12,86.0,6.93
290,Taga,90,RO,1582092980,92,46.95,24.05,30.2,2.24
291,Korcula,40,HR,1582092981,61,42.96,17.14,46.4,2.24
292,Poum,1,NC,1582092982,79,-20.23,164.02,80.38,19.13
293,Faya,0,SA,1582092694,39,18.39,42.45,68.0,11.41
294,Katobu,98,ID,1582092467,66,-4.94,122.53,86.77,7.27
295,Bako,45,ET,1582092987,54,5.78,36.57,78.3,1.68
296,Juan de Ayolas,50,PY,1582092988,96,-27.4,-56.9,71.89,3.76
297,Hvide Sande,100,DK,1582092990,93,56.0,8.13,37.99,10.29
298,Katherine,26,AU,1582092991,47,-14.47,132.27,96.8,10.29
299,Lata,0,PT,1582092507,93,40.16,-8.33,46.0,2.24
300,Bengkulu,15,ID,1582092464,80,-3.8,102.27,83.44,4.7
301,Strezhevoy,75,RU,1582092995,92,60.73,77.59,30.2,11.18
302,Adrar,58,MR,1582092652,16,20.5,-10.07,67.35,9.62
303,Waddan,0,LY,1582092998,72,29.16,16.14,49.5,0.87
304,Campo Verde,40,BR,1582092895,83,-20.42,-54.07,75.2,9.17
305,Guerrero Negro,100,MX,1582092425,83,27.98,-114.06,60.3,11.97
306,Arrifes,75,PT,1582093002,100,37.77,-25.7,57.2,5.82
307,Igarka,100,RU,1582093003,90,67.47,86.58,10.85,22.55
308,Richards Bay,100,ZA,1582093005,90,-28.78,32.04,75.31,20.47
309,Cockburn Town,3,TC,1582092596,80,21.46,-71.14,78.01,26.04
310,Camargo,98,MX,1582093008,28,27.67,-105.17,64.94,9.28
311,George,90,ZA,1582092867,100,-33.96,22.46,64.4,3.36
312,Trinidad,86,BO,1582093011,92,-14.83,-64.9,76.93,2.08
313,El Alto,94,PE,1582093012,67,-4.27,-81.21,75.79,6.49
314,Port Blair,51,IN,1582092536,79,11.67,92.75,81.03,15.77
315,Bonthe,9,SL,1582093015,92,7.53,-12.51,75.85,5.39
316,Isla Mujeres,75,MX,1582093016,83,21.23,-86.73,78.8,8.05
317,Kapit,54,MY,1582092497,71,2.02,112.93,85.32,4.74
318,Thinadhoo,0,MV,1582092481,78,0.53,72.93,83.23,14.54
319,Yangjiang,39,CN,1582092429,52,21.85,111.97,64.99,5.5
320,Villarrica,61,PY,1582093022,93,-25.75,-56.43,73.9,2.3
321,Sharjah,4,AE,1582092971,56,25.36,55.4,75.2,3.36
322,Ponta do Sol,75,PT,1582092529,63,32.67,-17.1,60.8,18.34
323,Alice Springs,32,AU,1582092496,17,-23.7,133.88,91.4,12.75
324,Kruisfontein,3,ZA,1582093028,76,-34.0,24.73,69.24,6.85
325,Malanje,99,AO,1582093029,96,-9.54,16.34,67.24,1.97
326,Rio Grande,12,BR,1582093031,74,-32.03,-52.1,71.15,10.33
327,North Platte,90,US,1582093032,79,41.12,-100.77,24.8,11.41
328,Zwedru,45,LR,1582093033,99,6.07,-8.13,72.37,2.73
329,Laguna de Perlas,100,NI,1582093035,79,12.34,-83.67,81.48,21.43
330,Florence,75,IT,1582092878,100,43.77,11.25,46.0,3.36
331,Paracuru,40,BR,1582093038,83,-3.41,-39.03,80.6,4.7
332,Kutum,31,SD,1582092490,29,14.2,24.67,63.36,4.79
333,Chipinge,0,ZW,1582092603,76,-20.19,32.62,73.36,1.07
334,Broome,90,US,1582093043,69,42.25,-75.83,37.0,17.22
335,Bereda,20,ES,1582093044,100,43.27,-7.54,42.01,5.82
336,Hanzhong,0,CN,1582093046,31,33.07,107.03,58.68,3.78
337,Diamantino,99,BR,1582092463,94,-14.41,-56.45,74.26,2.17
338,Adiake,20,CI,1582093048,94,5.29,-3.3,82.4,1.12
339,Cabinda,60,AO,1582093050,82,-5.55,12.2,81.99,4.56
340,Ubari,0,LY,1582092757,70,26.59,12.78,46.06,4.63
341,Katsuura,75,JP,1582092590,52,35.13,140.3,55.0,9.17
342,Fort Nelson,5,CA,1582092863,84,58.81,-122.7,1.4,3.36
343,Muros,1,ES,1582093057,100,42.78,-9.06,48.0,2.13
344,Beidao,0,CN,1582093058,32,34.57,105.89,51.66,8.86
345,Det Udom,3,TH,1582093060,42,14.91,105.08,84.2,6.93
346,Karratha,4,AU,1582092735,62,-20.74,116.85,90.37,6.8
347,Khanbari,71,NP,1582093063,75,27.37,87.2,48.38,5.53
348,Tangzhai,100,CN,1582093064,44,34.43,116.59,55.0,6.24
349,Puerto Escondido,0,MX,1582093065,64,15.85,-97.07,70.93,4.41
350,Soe,77,ID,1582092491,77,-9.86,124.28,83.77,6.69
351,Departamento de Maldonado,40,UY,1582092760,77,-34.67,-54.92,69.8,11.41
352,Yerofey Pavlovich,44,RU,1582093069,63,53.97,121.97,15.06,5.64
353,Gourcy,0,BF,1582093071,18,13.22,-2.35,70.09,10.04
354,Yerbogachen,100,RU,1582093072,92,61.28,108.01,9.99,7.36
355,Taoudenni,84,ML,1582093045,17,22.68,-3.98,64.11,9.19
356,Werda,100,BW,1582093075,55,-25.27,23.28,75.54,16.4
357,Erenhot,11,CN,1582093076,70,43.65,111.98,21.45,3.11
358,Qasigiannguit,100,GL,1582093078,65,68.82,-51.19,5.0,5.82
359,Greenville,90,US,1582093079,93,35.61,-77.37,60.01,4.7
360,Sola,74,VU,1582093081,72,-13.88,167.55,83.8,4.5
361,Coyhaique,75,CL,1582093082,75,-45.58,-72.07,46.4,1.12
362,Sisimiut,100,GL,1582092502,99,66.94,-53.67,-2.72,1.05
363,Gaza,75,PS,1582092848,93,31.5,34.47,55.99,5.82
364,Zhalantun,0,CN,1582092535,65,48.0,122.72,20.39,5.41
365,Sam Roi Yot,20,TH,1582093088,52,12.27,99.87,87.8,16.11
366,Lanxi,37,CN,1582093089,8,29.22,119.48,59.0,4.68
367,Vidim,100,RU,1582093091,91,56.41,103.11,16.57,5.41
368,Labuhan,100,ID,1582092620,79,-6.88,112.21,83.44,9.26
369,Woodward,1,US,1582093059,54,36.43,-99.39,33.01,3.36
370,Narrabri,36,AU,1582093095,30,-30.32,149.78,84.2,12.75
371,Alta Floresta,85,BR,1582093097,93,-9.88,-56.09,72.27,1.48
372,Amravati,42,IN,1582093099,9,20.93,77.75,85.59,7.49
373,Benguela,100,AO,1582092818,84,-12.58,13.41,78.12,1.16
374,Hobyo,44,SO,1582093101,64,5.35,48.53,82.04,15.75
375,Thurso,81,GB,1582093104,93,58.59,-3.53,42.8,21.92
376,Burnie,97,AU,1582092786,66,-41.07,145.92,64.99,11.01
377,Bose,10,IT,1582093107,64,45.46,8.01,42.01,6.93
378,Ternate,97,ID,1582092724,74,0.8,127.4,80.64,4.21
379,Puro,92,PH,1582092685,75,12.48,123.38,79.03,15.57
380,Hasaki,75,JP,1582092655,40,35.73,140.83,55.0,2.24
381,Arrondissement de Saint-Denis,20,FR,1582093113,86,48.92,2.33,42.01,10.29
382,Dunedin,96,NZ,1582092823,70,-45.87,170.5,61.0,5.23
383,Bathsheba,75,BB,1582093116,83,13.22,-59.52,77.0,17.22
384,Sungaipenuh,100,ID,1582093117,71,-2.08,101.38,74.71,3.38
385,Mingshui,100,CN,1582093118,27,36.72,117.5,60.01,3.0
386,Yuncheng,50,CN,1582093103,16,35.02,110.99,56.93,0.98
387,Lorengau,45,PG,1582092748,77,-2.02,147.27,84.0,16.44
388,Matay,22,EG,1582093122,75,28.42,30.78,52.03,6.82
389,Mandan,90,US,1582093088,64,46.83,-100.89,-2.2,5.82
390,Sorland,40,NO,1582093126,74,67.67,12.69,28.4,9.17
391,Hwange,39,ZW,1582093127,87,-18.37,26.5,71.26,5.46
392,Paamiut,91,GL,1582092731,70,61.99,-49.67,6.96,9.71
393,Julfa,90,AZ,1582093130,85,38.96,45.63,33.8,4.7
394,Ust'-Kulom,100,RU,1582093131,98,61.69,53.69,33.1,10.2
395,Boa Vista,0,BR,1582092838,69,2.82,-60.67,78.8,8.05
396,Amudat,12,UG,1582093134,47,1.95,34.95,76.41,6.11
397,Wynyard,49,AU,1582093135,66,-41.0,145.72,64.99,11.01
398,Yankton,90,US,1582093137,85,42.87,-97.4,12.2,12.75
399,Mahebourg,20,MU,1582092645,65,-20.41,57.7,82.99,9.17
400,Santa Cruz Cabralia,40,BR,1582093140,83,-16.28,-39.02,78.8,6.93
401,Port Elizabeth,43,ZA,1582092399,93,-33.92,25.57,66.2,10.29
402,Oparino,100,RU,1582093144,98,59.85,48.28,32.9,8.81
403,Salinopolis,100,BR,1582093145,82,-0.61,-47.36,80.51,19.26
404,Makakilo City,90,US,1582093147,83,21.35,-158.09,73.4,6.93
405,Ilulissat,100,GL,1582092699,65,69.22,-51.1,5.0,5.82
406,Iraray,100,PH,1582093150,66,8.99,118.05,83.19,16.46
407,Chapais,90,CA,1582093061,85,49.78,-74.85,12.2,11.41
408,Samarai,91,PG,1582093152,53,-10.62,150.67,88.74,3.58
409,Sainte-Suzanne,75,RE,1582093154,62,-20.91,55.61,86.0,14.99
410,Krasnyye Baki,100,RU,1582093155,96,57.13,45.16,34.03,9.04
411,Zhuhai,8,CN,1582093159,59,22.28,113.57,72.0,9.17
412,Saint-Augustin,83,CA,1582093161,83,51.23,-58.65,19.36,13.2
413,Wicklow,75,IE,1582093162,86,53.0,-6.42,41.0,16.11
414,Kulhudhuffushi,13,MV,1582092370,69,6.62,73.07,81.95,12.97
415,Esim,30,GH,1582093165,94,4.87,-2.24,75.96,2.1
416,Pangkalanbuun,98,ID,1582093166,44,-2.68,111.62,93.97,4.03
417,Mayumba,26,GA,1582092780,84,-3.43,10.66,81.32,9.26
418,Jose Bonifacio,40,BR,1582093169,78,-21.05,-49.69,77.0,3.36
419,Pailon,90,BO,1582093171,100,-17.65,-62.75,71.6,9.17
420,Sao Joao da Barra,0,BR,1582093172,88,-21.64,-41.05,75.79,12.95
421,Mkwanga,40,TZ,1582093173,88,-7.12,39.21,80.6,2.13
422,Zhezkazgan,90,KZ,1582093175,85,47.8,67.71,15.8,11.18
423,Harrisburg,90,US,1582092918,87,40.27,-76.88,46.99,6.93
424,Peniche,0,PT,1582093178,100,39.36,-9.38,50.0,2.24
425,Takoradze,30,GH,1582093179,94,4.88,-1.76,75.96,2.1
426,Tomatlan,0,MX,1582093181,86,19.93,-105.25,67.32,1.68
427,Sao Felix do Xingu,100,BR,1582092627,98,-6.64,-51.99,71.78,1.9
428,Ambon,20,ID,1582093072,83,-3.7,128.18,80.6,6.93
429,Talnakh,20,RU,1582093185,85,69.49,88.4,10.4,35.79
430,La Ronge,5,CA,1582093186,75,55.1,-105.28,-18.4,2.24
431,Lesnyye Polyany,90,RU,1582093187,86,55.97,37.87,39.0,15.66
432,Bosaso,20,SO,1582093189,73,11.28,49.18,77.0,11.41
433,Matamoros,36,MX,1582093088,44,25.53,-103.25,68.0,17.45
434,Kampene,100,CD,1582093192,96,-3.6,26.67,71.46,1.05
435,Arona,20,ES,1582093193,67,28.1,-16.68,64.0,20.8
436,Price,1,US,1582093195,57,39.6,-110.81,25.0,9.17
437,Imeni Poliny Osipenko,100,RU,1582093196,85,52.42,136.49,10.92,3.33
438,Pisco,40,PE,1582092622,78,-13.7,-76.22,77.0,3.36
439,Evensk,2,RU,1582093199,70,61.95,159.23,-7.91,10.94
440,Haines Junction,86,CA,1582092744,95,60.75,-137.51,16.02,8.34
441,Inuvik,20,CA,1582092917,67,68.35,-133.72,17.6,5.82
442,Lensk,17,RU,1582093203,85,60.73,114.93,9.05,6.06
443,Kavaratti,20,IN,1582092746,74,10.57,72.64,84.2,4.7
444,Atambua,71,ID,1582093206,78,-9.11,124.89,82.17,6.78
445,Turukhansk,100,RU,1582092744,89,65.82,87.98,13.21,16.6
446,Aksarka,57,RU,1582093209,88,66.56,67.8,27.05,14.36
447,Thibodaux,90,US,1582093210,100,29.8,-90.82,71.6,6.85
448,Sao Borja,94,BR,1582093212,84,-28.66,-56.0,71.67,4.97
449,Quelimane,40,MZ,1582093213,83,-17.88,36.89,84.2,8.05
450,Tautira,40,PF,1582093214,74,-17.73,-149.15,82.4,9.17
451,Te Anau,67,NZ,1582093216,71,-45.42,167.72,58.01,4.79
452,Inhambane,40,MZ,1582093219,74,-23.86,35.38,86.0,4.7
453,Sovetskiy,9,RU,1582093145,86,61.36,63.58,29.82,11.18
454,Coahuayana Viejo,0,MX,1582092635,39,18.73,-103.68,70.95,3.98
455,Obo,84,CF,1582093223,77,5.4,26.49,74.46,5.32
456,Loreto,0,MX,1582093225,31,22.27,-101.97,65.7,7.11
457,Kumbo,50,CM,1582093226,29,6.2,10.67,63.41,3.58
458,Biak,92,ID,1582092704,65,-0.91,122.88,86.95,9.37
459,Glinka,66,RU,1582093229,92,54.64,32.88,34.45,13.94
460,Kopavogur,75,IS,1582093230,92,64.11,-21.91,28.4,10.51
461,Pangnirtung,100,CA,1582092663,96,66.15,-65.71,-30.26,2.51
462,Kidal,0,ML,1582093233,21,18.44,1.41,63.54,14.16
463,Tiznit,65,MA,1582093234,29,29.58,-9.5,58.12,2.71
464,Kuytun,100,RU,1582092672,91,54.34,101.5,16.5,2.01
465,Urozhaynoye,0,RU,1582093237,80,44.79,44.92,38.95,6.29
466,Ereymentau,100,KZ,1582093238,94,51.62,73.1,22.89,25.77
467,Tura,0,IN,1582093240,24,25.52,90.22,84.47,4.54
468,Jiexiu,49,CN,1582093241,25,37.02,111.91,44.15,4.23
469,Rome,90,US,1582092582,64,43.21,-75.46,37.99,13.87
470,Huarmey,92,PE,1582093244,76,-10.07,-78.15,72.7,3.15
471,Mossamedes,97,AO,1582093245,69,-15.2,12.15,74.7,8.37
472,Great Falls,1,US,1582093247,92,47.5,-111.3,6.8,5.82
473,Mackay,34,AU,1582093248,66,-21.15,149.2,90.0,10.29
474,Vung Tau,0,VN,1582093250,52,10.35,107.08,83.19,14.32
475,Zarubino,0,RU,1582093251,64,42.63,131.09,31.69,14.76
476,Robertson,90,US,1582093254,86,36.52,-86.87,42.8,9.17
477,Maues,84,BR,1582093209,91,-3.38,-57.72,74.98,1.52
478,Cherskiy,93,RU,1582093257,98,68.75,161.3,-25.11,5.97
479,Boden,98,SE,1582093258,92,65.83,21.69,26.6,12.75
480,Buin,0,CL,1582093259,42,-33.73,-70.75,70.0,3.36
481,Trebisov,48,SK,1582093261,86,48.63,21.72,32.0,1.12
482,Virginia Beach,90,US,1582093262,93,36.85,-75.98,59.0,3.36
483,San Fernando del Valle de Catamarca,25,AR,1582093264,93,-28.47,-65.79,55.99,0.78
484,Hualmay,100,PE,1582093265,79,-11.1,-77.61,71.94,2.98
485,Porangatu,99,BR,1582092667,93,-13.44,-49.15,71.58,3.27
486,Santa Marta,25,CO,1582093268,72,11.24,-74.2,65.52,7.72
487,Bodden Town,0,KY,1582093269,88,19.28,-81.25,77.0,1.99
488,Kaeo,34,NZ,1582093271,100,-35.1,173.78,73.99,6.76
489,Tarko-Sale,100,RU,1582093272,88,64.92,77.78,26.01,1.99
490,Puerto Madryn,73,AR,1582093150,25,-42.77,-65.04,60.75,17.22
491,Juba,83,SS,1582093275,44,4.85,31.58,86.0,3.69
492,Abu Kamal,100,SY,1582093276,78,34.45,40.92,57.47,10.76
493,Murygino,100,RU,1582093279,99,58.74,49.46,33.3,10.83
494,Qaqortoq,17,GL,1582093281,56,60.72,-46.03,12.2,6.93
495,Coffs Harbour,40,AU,1582092753,70,-30.3,153.13,96.8,5.82
496,Tezu,6,IN,1582093283,32,27.92,96.17,77.25,4.16
497,Kovdor,99,RU,1582093285,96,67.57,30.48,12.92,5.19
498,Kawalu,68,ID,1582093286,72,-7.38,108.21,80.76,3.22
499,Nybro,40,SE,1582093288,86,56.74,15.91,41.0,9.17
500,Sinnamary,73,GF,1582093289,76,5.38,-52.95,78.42,19.6
501,Westport,90,US,1582093290,93,41.14,-73.36,46.0,3.36
502,Alihe,15,CN,1582093292,54,50.57,123.72,17.46,7.9
503,Lethem,2,GY,1582093293,64,3.38,-59.8,77.45,11.74
504,Orocue,82,CO,1582093294,77,4.79,-71.34,79.09,3.02
505,Bambanglipuro,91,ID,1582093296,76,-7.95,110.28,80.04,5.99
506,Kihei,40,US,1582093160,78,20.79,-156.47,71.6,17.22
507,Camocim,100,BR,1582092763,98,-2.9,-40.84,73.96,3.18
508,Vanimo,87,PG,1582093300,90,-2.67,141.3,77.74,26.57
509,Pokhara,0,NP,1582093275,38,28.23,83.98,75.11,3.69
510,Marysville,1,US,1582093303,92,48.05,-122.18,39.99,1.74
511,Muroto,20,JP,1582093304,66,33.28,134.15,51.8,8.05
512,Kuznetsk,100,RU,1582093172,98,53.12,46.6,32.23,10.83
513,Darhan,18,MN,1582093307,77,49.49,105.92,13.69,2.1
514,Roald,75,NO,1582093310,93,62.58,6.13,37.99,16.11
515,Flinders,40,AU,1582093313,36,-34.58,150.86,81.0,16.11
516,Kutina,22,HR,1582093314,71,45.48,16.78,35.6,3.36
517,Utamysh,0,RU,1582093315,75,42.41,47.75,41.0,6.71
518,Kloulklubed,75,PW,1582093317,74,7.04,134.26,82.4,10.29
519,Sambava,21,MG,1582093320,58,-14.27,50.17,86.11,2.71
520,Nishihara,75,JP,1582093321,45,26.18,127.76,66.2,11.41
521,Minsk,73,BY,1582093323,93,53.9,27.57,35.6,11.18
522,Vestmannaeyjar,100,IS,1582093324,48,63.44,-20.27,37.44,10.27
523,Bedele,66,ET,1582093326,56,8.46,36.35,73.29,2.51
524,Tazovsky,100,RU,1582093327,92,67.47,78.7,18.75,18.52
525,Humberto de Campos,100,BR,1582093328,92,-2.6,-43.46,77.41,5.41
526,Yafran,0,LY,1582093330,84,32.06,12.53,43.66,5.39
527,Ola,0,RU,1582093331,76,59.58,151.28,-0.11,3.69
528,Samana,23,DO,1582093333,95,19.21,-69.34,69.37,3.85
529,Gawler,20,AU,1582093334,35,-34.6,138.73,71.6,16.11
530,Brae,80,GB,1582093336,100,60.4,-1.35,42.8,1.12
531,Amapa,82,BR,1582093337,98,1.0,-52.0,70.81,3.31
532,Kamaishi,75,JP,1582093340,48,39.27,141.88,39.2,12.75
533,Peremyshlyany,9,UA,1582093341,84,49.67,24.56,32.0,4.47
534,Manjacaze,3,MZ,1582093343,71,-24.71,33.88,82.24,6.55
535,Buala,24,SB,1582093344,78,-8.14,159.59,83.03,8.48
536,Noumea,75,NC,1582093346,58,-22.28,166.46,86.0,17.22
537,Bathurst,0,AU,1582093207,44,-33.42,149.58,71.01,5.99
538,Victor Harbor,20,AU,1582093349,35,-35.57,138.62,71.6,16.11
539,Mawlaik,0,MM,1582093351,21,23.63,94.42,88.27,2.44
540,Liverpool,20,GB,1582093098,80,53.41,-2.98,42.01,10.29
541,Tiarei,40,PF,1582093353,74,-17.53,-149.33,82.4,9.17
542,Pemangkat,20,ID,1582093355,79,1.17,108.97,83.73,11.18
543,Luebo,56,CD,1582093356,97,-5.35,21.42,71.24,0.54
544,Aitape,62,PG,1582093288,83,-3.14,142.35,80.69,28.74
545,Nerchinskiy Zavod,17,RU,1582093359,66,51.31,119.61,15.48,3.42
546,Vitim,68,RU,1582093360,87,59.45,112.56,9.54,3.76
547,Gemeente Heerenveen,75,NL,1582093362,75,52.95,5.93,43.0,20.8
548,Pacific Grove,1,US,1582093363,71,36.62,-121.92,51.8,4.7
549,Hyeres,1,FR,1582093365,43,43.12,6.12,51.01,8.05
550,Charters Towers,11,AU,1582093366,37,-20.1,146.27,96.01,10.27
551,Zhovti Vody,96,UA,1582093368,100,48.35,33.5,33.8,8.28
552,Carutapera,100,BR,1582092778,84,-1.2,-46.02,80.65,18.79
